MSOA Code,MSOA Name,Total population,Local Authority English Name,Proportion of Population in 10% Most Deprived LSOAs,Proportion of Population in 20% Most Deprived LSOAs,Proportion of Population in 30% Most Deprived LSOAs,Proportion of Population in 40% Most Deprived LSOAs,Proportion of Population in 50% Most Deprived LSOAs,Proportion of Population in 60% Most Deprived LSOAs,Proportion of Population in 70% Most Deprived LSOAs,Proportion of Population in 80% Most Deprived LSOAs,Proportion of Population in 90% Most Deprived LSOAs,WIMD 2019 rank,MSOA HoCL English Name,MSOA HoCl Welsh Name
W02000405,Cardiff 039,7794,Cardiff,1,1,1,1,1,1,1,1,1,410,Ely East,Dwyrain Trelái
W02000186,Swansea 019,9104,Swansea,0.8499560632688928,1,1,1,1,1,1,1,1,409,Townhill,Townhill
W02000045,Denbighshire 004,9458,Denbighshire,0.6703319940790865,0.8275533939522097,0.8275533939522097,0.8275533939522097,0.8275533939522097,1,1,1,1,408,Rhyl North,Gogledd y Rhyl
W02000364,Newport 018,8590,Newport,0.7443538998835856,1,1,1,1,1,1,1,1,407,Pillgwenlly & Docks,Pilgwenlli a'r Dociau
W02000087,Wrexham 010,7178,Wrexham,0.8620785734187796,0.8620785734187796,1,1,1,1,1,1,1,406,Caia Park,Parc Caia
W02000379,Cardiff 013,6532,Cardiff,1,1,1,1,1,1,1,1,1,405,St Mellons West,Gorllewin Llaneirwg
W02000178,Swansea 011,9518,Swansea,0.5641941584366463,1,1,1,1,1,1,1,1,404,Penderry,Penderi
W02000047,Denbighshire 006,5489,Denbighshire,0.6910184004372382,0.6910184004372382,0.6910184004372382,1,1,1,1,1,1,403,Rhyl South West,De-orllewin y Rhyl
W02000356,Newport 010,5351,Newport,1,1,1,1,1,1,1,1,1,402,Ringland,Ringland
W02000415,Merthyr Tydfil 008,9672,Merthyr Tydfil,0.707196029776675,0.8467741935483871,1,1,1,1,1,1,1,401,"Gurnos, Trefechan & Pontsticill","Gurnos, Trefechan a Phontsticill"
W02000407,Cardiff 041,6772,Cardiff,0.8031600708800946,0.8031600708800946,0.8031600708800946,1,1,1,1,1,1,400,Caerau East,Dwyrain Caerau
W02000218,Bridgend 001,6996,Bridgend,0.37778730703259006,0.7968839336763865,0.7968839336763865,1,1,1,1,1,1,399,Caerau,Caerau
W02000408,Cardiff 042,7380,Cardiff,0.7626016260162601,1,1,1,1,1,1,1,1,398,South Riverside,De Glanyrafon
W02000264,Rhondda Cynon Taf 013,5895,Rhondda Cynon Taf,0.44223918575063614,0.7535199321458863,0.7535199321458863,1,1,1,1,1,1,397,Tylorstown,Tylorstown
W02000382,Cardiff 016,6092,Cardiff,0.7371963230466185,1,1,1,1,1,1,1,1,396,Trowbridge,Trowbridge
W02000404,Cardiff 038,6173,Cardiff,0.5305362060586425,0.7894054754576381,1,1,1,1,1,1,1,395,Splott,Y Sblot
W02000214,Neath Port Talbot 016,9926,Neath Port Talbot,0.6984686681442676,0.8609711867821882,0.8609711867821882,0.8609711867821882,0.8609711867821882,0.8609711867821882,0.8609711867821882,1,1,394,Sandfields,Sandfields
W02000209,Neath Port Talbot 011,5174,Neath Port Talbot,0.30981832238113644,0.7616930807885581,1,1,1,1,1,1,1,393,Glyncorrwg & Blaengwynfi,Glyncorrwg a Blaengwynfi
W02000167,Carmarthenshire 026,10530,Carmarthenshire,0.39078822412155745,0.7078822412155745,1,1,1,1,1,1,1,392,Llanelli South,De Llanelli
W02000349,Newport 003,8074,Newport,0.49752291305424823,0.8446866485013624,0.8446866485013624,1,1,1,1,1,1,391,Bettws,Betws
W02000290,Caerphilly 001,8789,Caerphilly,0.3202867220389123,0.7086130390260553,1,1,1,1,1,1,1,390,"Rhymney, Pontlottyn & Abertysswg","Rhymni, Pontlotyn a Abertyswg"
W02000259,Rhondda Cynon Taf 008,5984,Rhondda Cynon Taf,0.2404745989304813,0.727774064171123,1,1,1,1,1,1,1,389,Penrhiw-ceibr,Penrhiw-ceibr
W02000206,Neath Port Talbot 008,6718,Neath Port Talbot,0.6046442393569514,0.8036618041083656,0.8036618041083656,0.8036618041083656,0.8036618041083656,0.8036618041083656,0.8036618041083656,1,1,388,Neath Town,Tref Castell-nedd
W02000215,Neath Port Talbot 017,9766,Neath Port Talbot,0.6296334220765922,0.8108744624206431,0.8108744624206431,0.8108744624206431,0.8108744624206431,1,1,1,1,387,Aberafan,Aberafan
W02000402,Cardiff 036,11965,Cardiff,0.4904304220643544,1,1,1,1,1,1,1,1,386,Adamsdown,Adamsdown
W02000260,Rhondda Cynon Taf 009,5781,Rhondda Cynon Taf,0.5504238021103616,0.5504238021103616,0.7612869745718733,1,1,1,1,1,1,385,Ferndale & Maerdy,Glynrhedynog a Maerdy
W02000411,Cardiff 045,6754,Cardiff,0.4409238969499556,0.7246076399170862,1,1,1,1,1,1,1,384,Caerau West,Gorllewin Caerau
W02000325,Torfaen 003,7546,Torfaen,0.2529817121653856,1,1,1,1,1,1,1,1,383,Trefethin & Pen-y-garn,Trefddyn a Phen-y-garn
W02000211,Neath Port Talbot 013,8002,Neath Port Talbot,0.20257435641089727,0.8209197700574856,0.8209197700574856,1,1,1,1,1,1,382,Briton Ferry,Llansawel
W02000286,Merthyr Tydfil 004,6953,Merthyr Tydfil,0.48684021285775925,0.7402560046023299,1,1,1,1,1,1,1,381,Gelli-deg & Town,Gelli-deg a'r Dref
W02000183,Swansea 016,10161,Swansea,0.17891939769707707,0.8600531443755536,1,1,1,1,1,1,1,380,Landore,Glandŵr
W02000403,Cardiff 037,7485,Cardiff,0.4362057448229793,0.4362057448229793,1,1,1,1,1,1,1,379,Tremorfa & Pengam,Tremorfa a Phengam
W02000291,Caerphilly 002,7354,Caerphilly,0.3825129181397879,0.5906989393527332,0.5906989393527332,0.8154745716616807,1,1,1,1,1,378,New Tredegar & Darren Valley,Tredegar Newydd a Chwm Darren
W02000258,Rhondda Cynon Taf 007,5813,Rhondda Cynon Taf,0.23206605883364873,0.733700326853604,1,1,1,1,1,1,1,377,Treherbert,Treherbert
W02000271,Rhondda Cynon Taf 020,5730,Rhondda Cynon Taf,0.48080279232111695,0.48080279232111695,0.743804537521815,0.743804537521815,1,1,1,1,1,376,Porth West,Gorllewin Porth
W02000331,Torfaen 009,6696,Torfaen,0.18130227001194743,0.7843488649940262,1,1,1,1,1,1,1,375,West Pontnewydd & Thornhill,Gorllewin Pontnewydd a Thornhill
W02000252,Rhondda Cynon Taf 001,9275,Rhondda Cynon Taf,0.4677088948787062,0.4677088948787062,0.4677088948787062,0.8075471698113208,0.8075471698113208,1,1,1,1,374,Hirwaun & Rhigos,Hirwaun a'r Rhigos
W02000361,Newport 015,11507,Newport,0.4562440253758582,0.4562440253758582,0.5655687842183019,1,1,1,1,1,1,373,Liswerry & Uskmouth,Llyswyry ac Uskmouth
W02000033,Conwy 007,6201,Conwy,0.2181906144170295,0.5207224641186905,0.7706821480406386,0.7706821480406386,0.7706821480406386,0.7706821480406386,0.7706821480406386,0.7706821480406386,1,372,Colwyn Bay North,Gogledd Bae Colwyn
W02000365,Newport 019,8115,Newport,0.4246457178065311,0.4246457178065311,0.4246457178065311,1,1,1,1,1,1,371,Duffryn & Maesglas,Dyffryn a Maesglas
W02000322,Blaenau Gwent 009,7058,Blaenau Gwent,0,0.8017852082742987,0.8017852082742987,1,1,1,1,1,1,370,Abertillery South & Llanhilleth,De Abertyleri a Llanhiledd
W02000180,Swansea 013,8478,Swansea,0.4017456947393253,0.6019108280254777,0.6019108280254777,1,1,1,1,1,1,369,Ravenhill,Ravenhill
W02000373,Cardiff 007,6836,Cardiff,0.4944411936805149,0.4944411936805149,0.4944411936805149,0.7428320655354008,0.7428320655354008,0.7428320655354008,1,1,1,368,Llanrumney North,Gogledd Llanrhymni
W02000412,Cardiff 046,6970,Cardiff,0.27116212338593976,0.5381635581061693,0.5381635581061693,0.7767575322812051,1,1,1,1,1,367,Grangetown South,De Grangetown
W02000265,Rhondda Cynon Taf 014,9174,Rhondda Cynon Taf,0.4158491388707216,0.4158491388707216,0.6793110965772836,1,1,1,1,1,1,366,Ystrad & Llwynypia,Ystrad a Llwynypia
W02000292,Caerphilly 003,6110,Caerphilly,0.36824877250409166,0.6592471358428805,1,1,1,1,1,1,1,365,Aberbargoed & Gilfach,Aberbargoed a Gilfach
W02000293,Caerphilly 004,6134,Caerphilly,0.23671340071731334,0.23671340071731334,0.7536680795565699,1,1,1,1,1,1,364,Bargoed,Bargoed
W02000410,Cardiff 044,8940,Cardiff,0,0.7995525727069351,1,1,1,1,1,1,1,363,Grangetown North,Gogledd Grangetown
W02000243,The Vale of Glamorgan 007,9864,Vale of Glamorgan,0.3410381184103812,0.6563260340632603,0.6563260340632603,0.6563260340632603,1,1,1,1,1,362,Gibbonsdown,Gibbonsdown
W02000360,Newport 014,6553,Newport,0.3299252250877461,0.594994658934839,0.798870746223104,0.798870746223104,1,1,1,1,1,361,Stow Hill,Stow Hill
W02000409,Cardiff 043,6074,Cardiff,0.5459334869937438,0.5459334869937438,0.5459334869937438,0.5459334869937438,0.5459334869937438,0.5459334869937438,0.5459334869937438,0.7813631873559433,1,360,Ely West,Gorllewin Trelái
W02000359,Newport 013,11578,Newport,0.3380549317671446,0.694420452582484,0.694420452582484,0.694420452582484,1,1,1,1,1,359,Victoria & Somerton,Victoria a Somerton
W02000138,Pembrokeshire 013,9675,Pembrokeshire,0.32599483204134366,0.4895090439276486,0.4895090439276486,0.8712144702842377,1,1,1,1,1,358,Pembroke Dock,Doc Penfro
W02000311,Caerphilly 022,9947,Caerphilly,0.30692671157132806,0.47672665125163366,0.47672665125163366,0.47672665125163366,0.6830200060319694,0.6830200060319694,0.8703126570825375,1,1,357,Caerphilly East,Dwyrain Caerffili
W02000316,Blaenau Gwent 003,7000,Blaenau Gwent,0.19985714285714284,0.42757142857142855,0.6355714285714286,0.6355714285714286,0.8062857142857143,1,1,1,1,356,Sirhowy,Sirhywi
W02000318,Blaenau Gwent 005,9425,Blaenau Gwent,0.1442970822281167,0.6375596816976127,0.8479575596816976,1,1,1,1,1,1,355,Blaina & Nantyglo,Blaenau a Nant-y-glo
W02000003,Isle of Anglesey 003,10658,Isle of Anglesey,0.1203790579846125,0.7313754925877275,0.8887220866954401,0.8887220866954401,0.8887220866954401,1,1,1,1,354,Holyhead,Caergybi
W02000273,Rhondda Cynon Taf 022,10093,Rhondda Cynon Taf,0.16783909640344793,0.31170117903497474,0.5069850391360349,0.6389576934509066,1,1,1,1,1,353,Trefforest,Trefforest
W02000221,Bridgend 004,7768,Bridgend,0.2959577754891864,0.2959577754891864,0.8370236869207003,1,1,1,1,1,1,352,"Blaengarw, Pontycymer & Bettws","Blaengarw, Pontycymer a Betws"
W02000332,Torfaen 010,7380,Torfaen,0,0.6452574525745257,0.6452574525745257,1,1,1,1,1,1,351,Cwmbran,Cwmbrân
W02000181,Swansea 014,7435,Swansea,0.24788164088769335,0.47599193006052454,0.7747141896435776,0.7747141896435776,0.7747141896435776,0.7747141896435776,1,1,1,350,Bon-y-maen,Bôn-y-maen
W02000192,Swansea 025,10124,Swansea,0.18461082576056895,0.4303634926906361,0.7059462662979059,0.7059462662979059,0.7059462662979059,1,1,1,1,349,Central Swansea,Canol Abertawe
W02000256,Rhondda Cynon Taf 005,10095,Rhondda Cynon Taf,0,0.4723130262506191,0.8344725111441308,0.8344725111441308,1,1,1,1,1,348,Aberaman,Aberaman
W02000266,Rhondda Cynon Taf 015,7609,Rhondda Cynon Taf,0.20712314364568274,0.47010119595216193,0.6568537258509659,0.8554343540544093,0.8554343540544093,0.8554343540544093,0.8554343540544093,0.8554343540544093,1,347,Glyn-coch & Ynys-y-bwl,Glyn-coch ac Ynys-y-bwl
W02000105,Powys 009,5067,Powys,0,0.35287152161042035,1,1,1,1,1,1,1,346,Newtown South,De-orllewin y Drenewydd
W02000231,Bridgend 014,8415,Bridgend,0.1717171717171717,0.5847890671420083,0.7749257278669044,0.7749257278669044,0.7749257278669044,0.7749257278669044,1,1,1,345,Central Bridgend,Canol Pen-y-bont ar Ogwr
W02000140,Pembrokeshire 015,7272,Pembrokeshire,0.2323982398239824,0.2323982398239824,0.5529427942794279,0.7520627062706271,0.7520627062706271,1,1,1,1,344,Pembroke West & Castlemartin,Gorllewin Penfro a Chastellmartin
W02000352,Newport 006,6790,Newport,0.4207658321060383,0.4207658321060383,0.6284241531664212,0.6284241531664212,0.8378497790868925,1,1,1,1,343,Shaftesbury & Crindai,Shaftesbury a Chrindai
W02000263,Rhondda Cynon Taf 012,6417,Rhondda Cynon Taf,0.2557269752220664,0.2557269752220664,0.5423094904160822,0.5423094904160822,0.5423094904160822,1,1,1,1,342,Abercynon,Abercynon
W02000175,Swansea 008,7583,Swansea,0.18435975207701438,0.5915864433601477,0.5915864433601477,0.7994197547144929,0.7994197547144929,0.7994197547144929,1,1,1,341,Morriston South,De Treforys
W02000399,Cardiff 033,10111,Cardiff,0.1770349124715656,0.3331025615666106,0.675205222035407,1,1,1,1,1,1,340,Plasnewydd,Plasnewydd
W02000061,Flintshire 004,6631,Flintshire,0,0.5026391192881918,0.7285477303574122,1,1,1,1,1,1,339,Flint North East,Gogledd-ddwyrain y Fflint
W02000269,Rhondda Cynon Taf 018,8424,Rhondda Cynon Taf,0.1486229819563153,0.4368471035137702,0.6390075973409307,1,1,1,1,1,1,338,Tonypandy East,Dwyrain Tonypandy
W02000257,Rhondda Cynon Taf 006,7318,Rhondda Cynon Taf,0.19732167258813885,0.4145941514074884,0.8181197048373873,0.8181197048373873,0.8181197048373873,1,1,1,1,337,Mountain Ash,Aberpennar
W02000383,Cardiff 017,7290,Cardiff,0.22482853223593965,0.4587105624142661,0.6347050754458162,0.6347050754458162,0.8111111111111111,1,1,1,1,336,Llanedeyrn,Llanedern
W02000288,Merthyr Tydfil 006,8090,Merthyr Tydfil,0.12818294190358467,0.12818294190358467,0.6354758961681087,0.8221260815822002,0.8221260815822002,1,1,1,1,335,"Merthyr Vale, Troed-y-rhiw & Bedlinog","Ynysowen, Troed-y-rhiw a Bedlinog"
W02000321,Blaenau Gwent 008,9059,Blaenau Gwent,0.17165250027596865,0.32597416933436363,0.8321006733635059,0.8321006733635059,0.8321006733635059,1,1,1,1,334,Abertillery North & Cwmtillery,Gogledd Abertyleri a Chwmtyleri
W02000210,Neath Port Talbot 012,6540,Neath Port Talbot,0,0.7611620795107034,0.7611620795107034,0.7611620795107034,0.7611620795107034,0.7611620795107034,0.7611620795107034,0.7611620795107034,1,333,Neath South,De Castell-nedd
W02000052,Denbighshire 011,5160,Denbighshire,0.2779069767441861,0.2779069767441861,0.6040697674418605,1,1,1,1,1,1,332,Denbigh West,Gorllewin Dinbych
W02000319,Blaenau Gwent 006,8329,Blaenau Gwent,0.18681714491535598,0.3873214071317085,0.3873214071317085,0.3873214071317085,0.7687597550726377,0.7687597550726377,1,1,1,331,Tredegar & Georgetown,Tredegar a Georgetown
W02000066,Flintshire 009,10124,Flintshire,0.3111418411694982,0.41939944685894903,0.41939944685894903,0.5725997629395496,0.7719280916633742,1,1,1,1,330,Shotton & Garden City,Shotton a Garden City
W02000357,Newport 011,7975,Newport,0.42670846394984324,0.42670846394984324,0.42670846394984324,0.42670846394984324,0.7976175548589342,1,1,1,1,329,Maendy,Maendy
W02000089,Wrexham 012,8711,Wrexham,0.1736884399035702,0.3231546320743887,0.5986683503616117,0.8591436115256572,1,1,1,1,1,328,Hermitage & Whitegate,Hermitage a Whitegate
W02000324,Torfaen 002,7382,Torfaen,0,0.5659712814955297,0.5659712814955297,0.5659712814955297,0.7725548631807099,1,1,1,1,327,Abersychan,Abersychan
W02000267,Rhondda Cynon Taf 016,6543,Rhondda Cynon Taf,0,0.19410056548983648,0.6736970808497631,1,1,1,1,1,1,326,Tonypandy West & Clydach Vale,Gorllewin Tonypandy a Cwmclydach
W02000296,Caerphilly 007,7725,Caerphilly,0,0.24699029126213592,0.8532038834951456,0.8532038834951456,1,1,1,1,1,325,Pengam & Cefn Fforest,Pengam a Chefn Fforest
W02000064,Flintshire 007,6074,Flintshire,0,0.5283174185051037,0.5283174185051037,0.7948633519920975,0.7948633519920975,0.7948633519920975,0.7948633519920975,1,1,324,Connah's Quay North,Gogledd Cei Connah
W02000165,Carmarthenshire 024,6710,Carmarthenshire,0.269150521609538,0.269150521609538,0.269150521609538,0.520715350223547,0.7688524590163934,1,1,1,1,323,Llanelli Bigyn,Llanelli Bigyn
W02000381,Cardiff 015,6452,Cardiff,0,0.5218536887786733,0.736360818350899,0.736360818350899,0.736360818350899,1,1,1,1,322,Llanrumney South,De Llanrhymni
W02000248,The Vale of Glamorgan 012,11152,Vale of Glamorgan,0,0.3014705882352941,0.697274031563845,0.8526721664275466,1,1,1,1,1,321,Barry East,Dwyrain y Barri
W02000219,Bridgend 002,7352,Bridgend,0,0.6032372143634385,0.7970620239390642,0.7970620239390642,0.7970620239390642,0.7970620239390642,1,1,1,320,Maesteg East,Dwyrain Maesteg
W02000320,Blaenau Gwent 007,8560,Blaenau Gwent,0.1413551401869159,0.3074766355140187,0.6813084112149532,0.8282710280373832,0.8282710280373832,0.8282710280373832,1,1,1,319,Ebbw Vale South & Cwm,De Glynebwy a Chwm
W02000317,Blaenau Gwent 004,7762,Blaenau Gwent,0.22300953362535428,0.3957742849780984,0.3957742849780984,0.5809069827364082,0.7769904663746457,0.7769904663746457,1,1,1,318,Ebbw Vale North & Glyncoed,Gogledd Glynebwy a Glyncoed
W02000307,Caerphilly 018,6859,Caerphilly,0,0.5175681586237061,0.5175681586237061,1,1,1,1,1,1,317,Aber Valley,Cwm Aber
W02000423,Cardiff 049,10620,Cardiff,0.24698681732580038,0.4036723163841808,0.7094161958568739,0.7094161958568739,0.7094161958568739,0.8418079096045198,0.8418079096045198,0.8418079096045198,0.8418079096045198,316,Butetown,Tre-biwt
W02000137,Pembrokeshire 012,7616,Pembrokeshire,0,0.4789915966386555,0.4789915966386555,0.8595063025210085,1,1,1,1,1,315,Milford Haven West,Gorllewin Aberdaugleddau
W02000375,Cardiff 009,7399,Cardiff,0.2117853764022165,0.2117853764022165,0.2117853764022165,0.5994053250439249,0.7855115556156237,0.7855115556156237,1,1,1,314,Pentwyn,Pentwyn
W02000130,Pembrokeshire 005,7121,Pembrokeshire,0.22187894958573234,0.22187894958573234,0.5584889762673781,0.5584889762673781,0.5584889762673781,0.5584889762673781,1,1,1,313,Haverfordwest North,Gogledd Hwlffordd
W02000220,Bridgend 003,8132,Bridgend,0,0.279021151008362,0.6302262666010822,0.7832021642892277,1,1,1,1,1,312,"Nant-y-moel, Ogmore Vale & Blackmill","Nant-y-moel, Cwmogwr a Melin Ifan Ddu"
W02000326,Torfaen 004,9021,Torfaen,0,0.35494956213280127,0.6972619443520675,0.8627646602372242,0.8627646602372242,1,1,1,1,311,Pontypool,Pont-y-pŵl
W02000323,Torfaen 001,6399,Torfaen,0,0.25957180809501484,0.5122675418034068,0.7755899359274887,1,1,1,1,1,310,Blaenavon,Blaenafon
W02000188,Swansea 021,8009,Swansea,0,0.2578349356973405,0.6106879760269697,0.7987264327631415,1,1,1,1,1,309,St Thomas,St Thomas
W02000031,Conwy 005,8393,Conwy,0,0.17836292148218755,0.6472060050041701,0.8242583104968426,1,1,1,1,1,308,Kinmel Bay & Towyn,Bae Cinmel a Thowyn
W02000397,Cardiff 031,6459,Cardiff,0.24477473293079424,0.5020901068276823,0.5020901068276823,0.5020901068276823,0.5020901068276823,0.763585694379935,0.763585694379935,1,1,307,Fairwater South,De'r Tyllgoed
W02000389,Cardiff 023,8605,Cardiff,0.13840790238233586,0.304938988959907,0.4778617083091226,0.6257989540964556,0.8159209761766415,0.8159209761766415,0.8159209761766415,1,1,306,Llandaf North,Ystum Taf
W02000284,Merthyr Tydfil 002,9618,Merthyr Tydfil,0.1629236847577459,0.35142441255978374,0.35142441255978374,0.6644832605531296,0.8308380120607195,1,1,1,1,305,Dowlais,Dowlais
W02000015,Gwynedd 006,8400,Gwynedd,0.3032142857142857,0.549404761904762,0.549404761904762,0.549404761904762,0.549404761904762,0.549404761904762,0.7213095238095238,1,1,304,Caernarfon East,Dwyrain Caernarfon
W02000060,Flintshire 003,10868,Flintshire,0.1882591093117409,0.33235185866764816,0.5361612072138388,0.5361612072138388,0.7087780640412219,0.8803827751196173,1,1,1,303,Holywell & Bagillt,Treffynnon a Bagillt
W02000314,Blaenau Gwent 001,7078,Blaenau Gwent,0,0.4340209098615428,0.4340209098615428,0.6284261090703589,0.6284261090703589,0.8307431477818593,0.8307431477818593,1,1,302,Rassau & Beaufort,Rasa a Chendl
W02000315,Blaenau Gwent 002,5442,Blaenau Gwent,0,0.2884968761484748,0.7522969496508637,0.7522969496508637,1,1,1,1,1,301,Bryn-mawr,Bryn-mawr
W02000301,Caerphilly 012,7950,Caerphilly,0.23383647798742138,0.23383647798742138,0.23383647798742138,0.7216352201257862,0.7216352201257862,1,1,1,1,300,Hengoed & Maesycwmer,Hengoed a Maesycwmer
W02000176,Swansea 009,9098,Swansea,0.21444273466695976,0.21444273466695976,0.38052319191031,0.38052319191031,0.5400087931413498,0.6974060233018246,0.835788085293471,0.835788085293471,1,299,Mynydd-bach,Mynydd-bach
W02000159,Carmarthenshire 018,6136,Carmarthenshire,0,0.4639830508474576,0.6621577574967406,0.6621577574967406,0.6621577574967406,1,1,1,1,298,Cydweli & Trimsaran,Cydweli a Thrimsaran
W02000262,Rhondda Cynon Taf 011,5274,Rhondda Cynon Taf,0.19890026545316647,0.19890026545316647,0.490709139173303,0.7593856655290102,0.7593856655290102,0.7593856655290102,0.7593856655290102,1,1,297,Pentre,Pentre
W02000275,Rhondda Cynon Taf 024,6005,Rhondda Cynon Taf,0.27160699417152373,0.27160699417152373,0.27160699417152373,0.5004163197335554,0.7493755203996669,0.7493755203996669,0.7493755203996669,0.7493755203996669,1,296,Tonyrefail East,Dwyrain Tonyrefail
W02000094,Wrexham 017,9290,Wrexham,0.22443487621097954,0.22443487621097954,0.5838536060279871,0.5838536060279871,0.5838536060279871,0.5838536060279871,0.7796555435952637,1,1,295,Cefn Mawr,Cefn-mawr
W02000216,Neath Port Talbot 018,7109,Neath Port Talbot,0,0.2239414826276551,0.42903361935574624,0.8091152060768041,0.8091152060768041,1,1,1,1,294,Port Talbot East,Dwyrain Port Talbot
W02000166,Carmarthenshire 025,8909,Carmarthenshire,0.16062408800089797,0.33112582781456956,0.33112582781456956,0.7301605118419575,0.7301605118419575,0.7301605118419575,1,1,1,293,Bynea & Llwynhendy,Bynea a Llwynhendy
W02000274,Rhondda Cynon Taf 023,10146,Rhondda Cynon Taf,0.352059925093633,0.352059925093633,0.352059925093633,0.4967474866942638,0.817465010841711,0.817465010841711,0.817465010841711,0.817465010841711,0.817465010841711,292,Tonyrefail West,Gorllewin Tonyrefail
W02000393,Cardiff 027,6603,Cardiff,0.2789641072239891,0.2789641072239891,0.2789641072239891,0.7482962289868241,0.7482962289868241,0.7482962289868241,0.7482962289868241,1,1,291,Fairwater North,Gogledd y Tyllgoed
W02000268,Rhondda Cynon Taf 017,9120,Rhondda Cynon Taf,0.17094298245614034,0.17094298245614034,0.3393640350877193,0.6368421052631579,0.8246710526315789,0.8246710526315789,1,1,1,290,Porth East & Ynys-hir,Dwyrain Porth ac Ynys-hir
W02000135,Pembrokeshire 010,7328,Pembrokeshire,0,0.32137008733624456,0.32137008733624456,0.607532751091703,1,1,1,1,1,289,Milford Haven East,Dwyrain Aberdaugleddau
W02000351,Newport 005,6094,Newport,0,0.24827699376435838,0.5042664916311126,0.5042664916311126,0.7643583852970135,0.7643583852970135,0.7643583852970135,1,1,288,Beechwood,Beechwood
W02000255,Rhondda Cynon Taf 004,6847,Rhondda Cynon Taf,0,0.3684825471009201,0.3684825471009201,0.5846356068351103,0.8327734774353731,0.8327734774353731,0.8327734774353731,0.8327734774353731,1,287,Aberdare East & Cwm-bach,Dwyrain Aberdâr a Chwm-bach
W02000092,Wrexham 015,7024,Wrexham,0,0,0.5626423690205011,0.773490888382688,1,1,1,1,1,286,Rhosllannerchrugog & Johnstown South,Rhosllannerchrugog a De Johnstown
W02000227,Bridgend 010,7535,Bridgend,0,0.3410749834107498,0.53550099535501,0.7547445255474453,0.7547445255474453,0.7547445255474453,1,1,1,285,Cornelly,Corneli
W02000417,Neath Port Talbot 020,10437,Neath Port Talbot,0,0.13385072338794674,0.4006898534061512,0.68659576506659,1,1,1,1,1,284,Ystalyfera & Gwaun-Cae-Gurwen,Ystalyfera a Gwauncaegurwen
W02000161,Carmarthenshire 020,5611,Carmarthenshire,0,0.37408661557654604,0.7169844947424702,0.7169844947424702,0.7169844947424702,0.7169844947424702,1,1,1,283,Dafen & Felin-foel,Dafen a Felin-foel
W02000201,Neath Port Talbot 003,5343,Neath Port Talbot,0,0.29515253602844843,0.6735916151974546,0.6735916151974546,0.6735916151974546,1,1,1,1,282,Glynneath,Glyn-nedd
W02000308,Caerphilly 019,9172,Caerphilly,0.16136066288704753,0.16136066288704753,0.4693632795464457,0.4693632795464457,0.4693632795464457,0.8194505015263847,0.8194505015263847,1,1,281,Llanbradach & Penyrheol,Llanbradach a Phenyrheol
W02000058,Flintshire 001,5066,Flintshire,0,0,0.6419265692854323,0.6419265692854323,0.6419265692854323,1,1,1,1,280,"Gronant, Ffynnongroyw & Trelawnyd","Gronant, Ffynnongroyw a Threlawnyd"
W02000224,Bridgend 007,6488,Bridgend,0.18649815043156598,0.18649815043156598,0.18649815043156598,0.5923242909987669,0.7728113440197287,1,1,1,1,279,"Sarn, Bryn-coch & Bryncethin","Sarn, Bryn-coch a Bryncethin"
W02000027,Conwy 001,8897,Conwy,0,0.1979318871529729,0.4217151848937844,0.8309542542430033,0.8309542542430033,1,1,1,1,278,Llandudno Town & Gogarth,Tref Llandudno a Gogarth
W02000329,Torfaen 007,7400,Torfaen,0.18013513513513513,0.18013513513513513,0.18013513513513513,0.40662162162162163,0.5993243243243244,0.8395945945945946,0.8395945945945946,1,1,277,Pontnewydd & Upper Cwmbran,Pontnewydd a Chwmbrân Uchaf
W02000163,Carmarthenshire 022,5422,Carmarthenshire,0,0,0.6962375507192917,0.6962375507192917,0.6962375507192917,0.6962375507192917,1,1,1,276,Llanelli North,Gogledd Llanelli
W02000109,Powys 013,5529,Powys,0,0.23060227889310905,0.23060227889310905,0.6044492674986435,1,1,1,1,1,275,Llandrindod Wells,Llandrindod
W02000081,Wrexham 004,5956,Wrexham,0,0.5090664875755541,0.5090664875755541,0.5090664875755541,0.5090664875755541,0.5090664875755541,0.7397582269979852,1,1,274,Gwersyllt West & Summerhill,Gorllewin Gwersyllt a Brynhyfryd
W02000297,Caerphilly 008,7587,Caerphilly,0,0.3918544879398972,0.3918544879398972,0.6227758007117438,0.6227758007117438,0.8124423355740081,0.8124423355740081,0.8124423355740081,1,273,St Cattwg,St Cattwg
W02000217,Neath Port Talbot 019,6732,Neath Port Talbot,0.22608437314319668,0.22608437314319668,0.3897801544860368,0.6942959001782532,0.6942959001782532,0.6942959001782532,0.6942959001782532,1,1,272,Port Talbot South & Margam,De Port Talbot a Margam
W02000406,Cardiff 040,8956,Cardiff,0,0.20868691380080392,0.20868691380080392,0.6039526574363555,0.835194283162126,1,1,1,1,271,Canton,Treganna
W02000151,Carmarthenshire 010,7395,Carmarthenshire,0,0,0.3261663286004057,0.8035158891142664,1,1,1,1,1,270,"Brynaman, Y Garnant & Glanaman","Brynaman, Y Garnant a Glanaman"
W02000225,Bridgend 008,9201,Bridgend,0,0.14368003477882837,0.455820019563091,0.455820019563091,0.8350179328333877,0.8350179328333877,0.8350179328333877,0.8350179328333877,1,269,"Pyle, Kenfig Hill & Cefncribwr","Y Pîl, Mynydd Cynffig a Chefncribwr"
W02000310,Caerphilly 021,5396,Caerphilly,0.2687175685693106,0.2687175685693106,0.2687175685693106,0.2687175685693106,0.2687175685693106,0.2687175685693106,0.5604151223128243,0.5604151223128243,1,268,Machen,Machen
W02000261,Rhondda Cynon Taf 010,7783,Rhondda Cynon Taf,0,0,0.398946421688295,0.590389310034691,1,1,1,1,1,267,Treorchy,Treorci
W02000253,Rhondda Cynon Taf 002,6853,Rhondda Cynon Taf,0,0,0.22836713847949802,0.7209981030205749,0.7209981030205749,0.7209981030205749,1,1,1,266,Aberdare North & Llwydcoed,Gogledd Aberdâr a Llwydcoed
W02000249,The Vale of Glamorgan 013,9207,Vale of Glamorgan,0.16291951775822744,0.16291951775822744,0.35896600412729446,0.5027696318018898,0.6737265124361899,0.6737265124361899,0.8510915607689801,1,1,265,Barry West,Gorllewin y Barri
W02000337,Monmouthshire 002,7570,Monmouthshire,0,0.20052840158520477,0.20052840158520477,0.7602377807133421,0.7602377807133421,1,1,1,1,264,Abergavenny North,Gogledd y Fenni
W02000124,Ceredigion 009,8854,Ceredigion,0.13779082900384007,0.26959566297718546,0.26959566297718546,0.26959566297718546,0.7343573526089903,0.7343573526089903,1,1,1,263,Cardigan & Aber-porth,Aberteifi ac Aber-porth
W02000043,Denbighshire 002,5257,Denbighshire,0,0,0.7312155221609283,0.7312155221609283,0.7312155221609283,0.7312155221609283,0.7312155221609283,0.7312155221609283,0.7312155221609283,262,Prestatyn Central & East,Canol a Dwyrain Prestatyn
W02000182,Swansea 015,7892,Swansea,0,0,0.20248352762290928,0.8058793715154587,0.8058793715154587,1,1,1,1,261,Cwmbwrla,Cwmbwrla
W02000028,Conwy 002,7073,Conwy,0.22621235684999294,0.22621235684999294,0.22621235684999294,0.4863565672274848,0.4863565672274848,0.4863565672274848,0.4863565672274848,0.7247278382581649,1,260,Llandudno South,De Llandudno
W02000184,Swansea 017,7261,Swansea,0,0.22214570995730615,0.22214570995730615,0.22214570995730615,0.7270348436854428,0.7270348436854428,1,1,1,259,Cockett,Y Cocyd
W02000205,Neath Port Talbot 007,5848,Neath Port Talbot,0,0,0.5757523939808481,0.5757523939808481,0.5757523939808481,0.5757523939808481,0.8211354309165527,1,1,258,Neath Abbey,Abaty Castell-nedd
W02000416,Powys 021,10115,Powys,0.11616411270390509,0.11616411270390509,0.11616411270390509,0.3208106772120613,0.7976272862086011,0.7976272862086011,1,1,1,257,Ystradgynlais & Tawe Uchaf,Ystradgynlais a Thawe Uchaf
W02000212,Neath Port Talbot 014,7854,Neath Port Talbot,0,0.20346320346320346,0.20346320346320346,0.5613700025464732,0.7584670231729055,0.7584670231729055,0.7584670231729055,0.7584670231729055,1,256,Cwmafan & Bryn,Cwmafan a Bryn
W02000090,Wrexham 013,5726,Wrexham,0,0.3932937478169752,0.3932937478169752,0.3932937478169752,0.5944813133077191,0.8124345092560251,0.8124345092560251,0.8124345092560251,1,255,Pen-y-cae & Minera,Pen-y-cae a Mwynglawdd
W02000200,Neath Port Talbot 002,5211,Neath Port Talbot,0,0,0.6303972366148531,0.6303972366148531,0.6303972366148531,0.6303972366148531,1,1,1,254,Dulais Valley,Cwmdulais
W02000154,Carmarthenshire 013,7774,Carmarthenshire,0,0,0.5156933367635709,0.5156933367635709,0.5156933367635709,0.8281450990481091,0.8281450990481091,0.8281450990481091,1,253,Ammanford & Betws,Rhydaman a Betws
W02000299,Caerphilly 010,6658,Caerphilly,0,0.24241513968158607,0.24241513968158607,0.24241513968158607,0.47702012616401324,0.7204866326224091,1,1,1,252,Newbridge,Trecelyn
W02000099,Powys 003,6691,Powys,0,0.2226871917501121,0.41144821401883125,0.41144821401883125,0.41144821401883125,1,1,1,1,251,Welshpool,Y Trallwng
W02000169,Swansea 002,9417,Swansea,0,0.16852500796431985,0.32674949559307637,0.48635446532866095,0.6515875544228523,0.8504831687373898,0.8504831687373898,0.8504831687373898,1,250,Clydach & Mawr,Clydach a Mawr
W02000203,Neath Port Talbot 005,6797,Neath Port Talbot,0,0,0.2587906429307047,0.7941739002501104,0.7941739002501104,1,1,1,1,249,Aberdulais & Resolfen,Aberdulais a Resolfen
W02000245,The Vale of Glamorgan 009,8775,Vale of Glamorgan,0,0.2931054131054131,0.47213675213675216,0.47213675213675216,0.6719088319088319,0.6719088319088319,0.6719088319088319,0.6719088319088319,0.6719088319088319,248,Palmerstown,Palmerstown
W02000294,Caerphilly 005,5676,Caerphilly,0,0.26409443269908384,0.26409443269908384,0.48766737138830163,0.48766737138830163,0.7422480620155039,0.7422480620155039,0.7422480620155039,1,247,"North Blackwood, Argoed & Markham","Gogledd Coed-duon, Argoed a Markham"
W02000222,Bridgend 005,6090,Bridgend,0,0.24236453201970443,0.24236453201970443,0.4832512315270936,0.4832512315270936,0.7456486042692939,0.7456486042692939,1,1,246,"Maesteg West, Garth & Llangynwyd","Gorllewin Maesteg, Garth a Llangynwyd"
W02000035,Conwy 009,8627,Conwy,0.14037324678335458,0.301958966036861,0.301958966036861,0.301958966036861,0.301958966036861,0.301958966036861,0.8111742204706155,1,1,245,Old Colwyn & Llanddulas,Hen Golwyn a Llanddulas
W02000042,Denbighshire 001,5840,Denbighshire,0,0,0,0.26267123287671235,1,1,1,1,1,244,Prestatyn North,Gogledd Prestatyn
W02000363,Newport 017,5716,Newport,0,0.26364590622813155,0.26364590622813155,0.5176696990902729,0.5176696990902729,0.7634709587123862,0.7634709587123862,1,1,243,Gaer,Gaer
W02000068,Flintshire 011,5561,Flintshire,0,0,0.3801474554936163,0.3801474554936163,0.6827908649523468,0.6827908649523468,1,1,1,242,Queensferry & Sandycroft,Queensferry a Sandycroft
W02000254,Rhondda Cynon Taf 003,7710,Rhondda Cynon Taf,0,0.23047989623865112,0.4203631647211414,0.6155642023346304,0.6155642023346304,0.6155642023346304,0.6155642023346304,0.816083009079118,0.816083009079118,241,Aberdare West,Gorllewin Aberdâr
W02000036,Conwy 010,10782,Conwy,0.10508254498237804,0.2789834910035244,0.2789834910035244,0.42839918382489334,0.5555555555555556,0.5555555555555556,0.5555555555555556,0.5555555555555556,0.8620849564088295,240,Abergele,Abergele
W02000272,Rhondda Cynon Taf 021,9840,Rhondda Cynon Taf,0,0.09928861788617886,0.2710365853658537,0.5566056910569106,0.5566056910569106,0.7048780487804878,0.8722560975609757,1,1,239,Pontypridd West,Gorllewin Pontypridd
W02000233,Bridgend 016,6308,Bridgend,0.1880152187698161,0.1880152187698161,0.1880152187698161,0.1880152187698161,0.39949270767279643,0.39949270767279643,0.6233354470513633,1,1,238,Brackla West,Gorllewin Bracla
W02000018,Gwynedd 009,6484,Gwynedd,0,0,0.29410857495373227,0.4740900678593461,0.7675817396668723,1,1,1,1,237,Blaenau Ffestiniog & Trawsfynydd,Blaenau Ffestiniog a Thrawsfynydd
W02000419,Denbighshire 017,10693,Denbighshire,0,0.15318432619470682,0.15318432619470682,0.3073038436360236,0.5547554474890115,0.5547554474890115,0.8824464603011316,1,1,236,Rhyl East,Dwyrain y Rhyl
W02000148,Carmarthenshire 007,5164,Carmarthenshire,0,0.2275367931835786,0.2275367931835786,0.7596824167312161,0.7596824167312161,0.7596824167312161,0.7596824167312161,0.7596824167312161,0.7596824167312161,235,Carmarthen North,Gogledd Caerfyrddin
W02000289,Merthyr Tydfil 007,8679,Merthyr Tydfil,0,0,0.1846986980066828,0.6304873833390944,0.7921419518377694,0.7921419518377694,0.7921419518377694,0.7921419518377694,1,234,Treharris & Trelewis,Treharris a Trelewis
W02000306,Caerphilly 017,5205,Caerphilly,0,0,0,0.35369836695485113,1,1,1,1,1,233,Risca West,Gorllewin Rhisga
W02000001,Isle of Anglesey 001,8675,Isle of Anglesey,0,0,0.3009798270893372,0.5368299711815562,0.7135446685878962,1,1,1,1,232,Amlwch & Llannerch-y-medd,Amlwch a Llannerch-y-medd
W02000082,Wrexham 005,7810,Wrexham,0,0,0.2293213828425096,0.47528809218950063,0.47528809218950063,1,1,1,1,231,New Broughton & Bryn Cefn,New Broughton a Bryn Cefn
W02000144,Carmarthenshire 003,7627,Carmarthenshire,0,0,0.22879244788252262,0.520256981775272,0.7874655827979546,1,1,1,1,230,"Tre-lech, Cenarth & Llangeler","Tre-lech, Cenarth a Llangeler"
W02000300,Caerphilly 011,8652,Caerphilly,0,0,0.19590846047156726,0.6466712898751734,0.6466712898751734,0.8472029588534443,0.8472029588534443,0.8472029588534443,1,229,Pontllan-fraith,Pontllan-fraith
W02000270,Rhondda Cynon Taf 019,6737,Rhondda Cynon Taf,0,0,0.19311266142199793,0.5845331750037108,0.8196526643906783,0.8196526643906783,0.8196526643906783,1,1,228,Pontypridd East & Cilfynydd,Dwyrain Pontypridd a Chilfynydd
W02000251,The Vale of Glamorgan 015,9511,Vale of Glamorgan,0,0.23078540637156977,0.23078540637156977,0.4032173273052255,0.6767952896645989,0.6767952896645989,0.6767952896645989,0.6767952896645989,0.840395331721165,227,Barry Island,Ynys y Barri
W02000086,Wrexham 009,5152,Wrexham,0,0,0.31308229813664595,0.31308229813664595,0.31308229813664595,1,1,1,1,226,Acton & Maes-y-dre,Gwaunyterfyn a Maes-y-dre
W02000277,Rhondda Cynon Taf 026,7236,Rhondda Cynon Taf,0.19112769485903813,0.19112769485903813,0.19112769485903813,0.19112769485903813,0.19112769485903813,0.7251243781094527,1,1,1,225,Taff's Well & Nantgarw,Ffynnon Taf a Nantgarw
W02000229,Bridgend 012,6264,Bridgend,0,0,0.526021711366539,0.526021711366539,0.526021711366539,0.526021711366539,0.7895913154533845,1,1,224,Cefn-glas & Bryntirion,Cefn-glas a Bryntirion
W02000305,Caerphilly 016,6357,Caerphilly,0,0,0.518798175239893,0.518798175239893,0.518798175239893,0.518798175239893,0.7325782601856221,1,1,223,Risca East,Dwyrain Rhisga
W02000208,Neath Port Talbot 010,10668,Neath Port Talbot,0,0.15551181102362205,0.15551181102362205,0.364923134608174,0.483970753655793,0.6003937007874016,1,1,1,222,Skewen & Jersey Marine,Sgiwen a Jersey Marine
W02000353,Newport 007,7190,Newport,0,0.24242002781641167,0.24242002781641167,0.24242002781641167,0.46091794158553545,0.6390820584144645,0.8369958275382475,1,1,221,St Julians & Barnardtown,Sain Silian a Barnardtown
W02000312,Caerphilly 023,7549,Caerphilly,0,0.2153927672539409,0.4077361239899324,0.4077361239899324,0.4077361239899324,0.6506822095641807,0.6506822095641807,0.819711220029143,0.819711220029143,220,Caerphilly West,Gorllewin Caerffili
W02000162,Carmarthenshire 021,8401,Carmarthenshire,0,0,0.3973336507558624,0.3973336507558624,0.5735031543863826,0.5735031543863826,0.7332460421378407,0.7332460421378407,1,219,Pembrey & Burry Port,Pen-bre a Phorth Tywyn
W02000354,Newport 008,5769,Newport,0,0.23990292945051137,0.23990292945051137,0.516033974692321,0.516033974692321,0.516033974692321,0.516033974692321,1,1,218,Lawrence Hill,Lawrence Hill
W02000309,Caerphilly 020,6857,Caerphilly,0,0.2588595595741578,0.2588595595741578,0.2588595595741578,0.4961353361528365,0.7347236400758349,0.7347236400758349,0.7347236400758349,1,217,Bedwas & Trethomas,Bedwas a Thretomas
W02000377,Cardiff 011,7283,Cardiff,0,0,0.305231360703007,0.305231360703007,0.305231360703007,0.5284910064533846,0.7700123575449678,1,1,216,Pwll-mawr & St Mellons East,Pwll-mawr a Dwyrain Llaneirwg
W02000164,Carmarthenshire 023,7348,Carmarthenshire,0,0,0.24510070767555797,0.24510070767555797,0.5574305933587371,1,1,1,1,215,Llanelli West,Gorllewin Llanelli
W02000172,Swansea 005,10448,Swansea,0,0.14529096477794792,0.14529096477794792,0.42237748851454826,0.5689127105666156,0.7291347626339969,0.7291347626339969,1,1,214,Gorseinon,Gorseinon
W02000059,Flintshire 002,6694,Flintshire,0,0,0.287720346579026,0.6579025993426949,0.6579025993426949,0.6579025993426949,0.6579025993426949,0.6579025993426949,1,213,Mostyn & Holway,Mostyn a Holway
W02000152,Carmarthenshire 011,8368,Carmarthenshire,0,0,0.23745219885277247,0.23745219885277247,0.46546367112810705,0.7404397705544933,1,1,1,212,Llandybie & Saron,Llandybïe a Saron
W02000304,Caerphilly 015,5855,Caerphilly,0,0,0,0.28317677198975233,0.7239965841161401,1,1,1,1,211,Crosskeys South & Ynysddu,De Crosskeys ac Ynys-ddu
W02000287,Merthyr Tydfil 005,8481,Merthyr Tydfil,0,0,0.19632118853908737,0.4655111425539441,0.6551114255394411,0.6551114255394411,0.6551114255394411,1,1,210,Pentre-bach & Mountain Hare,Pentre-bach a Mountain Hare
W02000177,Swansea 010,7023,Swansea,0,0,0.28705681332763777,0.28705681332763777,0.28705681332763777,0.7978072048981917,0.7978072048981917,1,1,209,Llansamlet,Llansamlet
W02000088,Wrexham 011,8189,Wrexham,0,0,0.18708022957626083,0.4865062889241666,0.4865062889241666,0.7430699719135425,0.7430699719135425,1,1,208,Wrexham West,Gorllewin Wrecsam
W02000143,Carmarthenshire 002,5576,Carmarthenshire,0,0,0,0.24515781922525107,0.787661406025825,1,1,1,1,207,"Llandovery, Cil-y-cwm & Cynwyl Gaeo","Llanymddyfri, Cil-y-cwm a Chynwyl Gaeo"
W02000017,Gwynedd 008,7884,Gwynedd,0,0,0.2557077625570776,0.5455352612886859,0.5455352612886859,0.7855149670218163,0.7855149670218163,1,1,206,"Pen-y-groes, Tal-y-sarn & Dyffryn Nantlle","Pen-y-groes, Tal-y-sarn a Dyffryn Nantlle"
W02000398,Cardiff 032,12412,Cardiff,0,0,0,0,0.8770544634224944,1,1,1,1,205,Cathays South & Bute Park,De Cathays a Pharc Biwt
W02000123,Ceredigion 008,8321,Ceredigion,0,0,0,0.24804710972238914,0.8160076913832472,0.8160076913832472,0.8160076913832472,1,1,204,Lampeter & Llanfihangel Ystrad,Llanbedr Pont Steffan a Llanfihangel Ystrad
W02000142,Carmarthenshire 001,5670,Carmarthenshire,0,0,0,0.2765432098765432,0.48994708994708996,1,1,1,1,203,Llanfihangel-ar-arth & Llanybydder,Llanfihangel-ar-arth a Llanybydder
W02000348,Newport 002,7896,Newport,0.2434143870314083,0.2434143870314083,0.2434143870314083,0.2434143870314083,0.2434143870314083,0.2434143870314083,0.2434143870314083,0.2434143870314083,1,202,Malpas,Malpas
W02000396,Cardiff 030,7781,Cardiff,0,0,0,0.2046009510345714,0.5811592340316155,1,1,1,1,201,Roath,Y Rhath
W02000149,Carmarthenshire 008,6460,Carmarthenshire,0,0,0.31857585139318884,0.31857585139318884,0.4907120743034056,0.4907120743034056,0.4907120743034056,1,1,200,Carmarthen South & Llangynnwr,De Caerfyrddin a Llangynnwr
W02000125,Ceredigion 010,7410,Ceredigion,0,0,0,0.19257759784075573,0.5975708502024292,1,1,1,1,199,"Beulah, Troed-yr-aur & Llandysul","Beulah, Troed-yr-aur a Llandysul"
W02000006,Isle of Anglesey 006,6957,Isle of Anglesey,0,0.23673997412677877,0.23673997412677877,0.23673997412677877,0.23673997412677877,0.46557424177087825,0.7737530544775046,1,1,198,Llangefni,Llangefni
W02000104,Powys 008,6233,Powys,0,0.33755815819027757,0.33755815819027757,0.33755815819027757,0.33755815819027757,0.33755815819027757,0.652655222204396,1,1,197,Newtown North,Gogledd-ddwyrain y Drenewydd
W02000153,Carmarthenshire 012,8169,Carmarthenshire,0,0,0.21814175541681968,0.21814175541681968,0.5885665320112621,0.5885665320112621,0.8390255845268699,1,1,196,"Llanddarog, Llangyndeyrn & Ferryside","Llanddarog, Llangyndeyrn a Glanyfferi"
W02000096,Wrexham 019,6528,Wrexham,0,0,0,0.1953125,0.5004595588235294,0.8204656862745098,1,1,1,195,Chirk & Ceiriog Valley,Y Waun a Dyffryn Ceiriog
W02000303,Caerphilly 014,7263,Caerphilly,0,0,0,0.4312267657992565,0.4312267657992565,0.76524851989536,1,1,1,194,Crosskeys North & Abercarn,Gogledd Crosskeys ac Abercarn
W02000279,Rhondda Cynon Taf 028,8054,Rhondda Cynon Taf,0.1329774025329029,0.1329774025329029,0.1329774025329029,0.46871119940402284,0.46871119940402284,0.46871119940402284,0.46871119940402284,0.6364539359324559,0.7892972436056618,193,Beddau & Tyn-y-nant,Beddau a Tyn-y-nant
W02000388,Cardiff 022,5915,Cardiff,0,0,0.26136939983093826,0.26136939983093826,0.5269653423499577,0.5269653423499577,0.5269653423499577,1,1,192,Rumney,Tredelerch
W02000131,Pembrokeshire 006,7071,Pembrokeshire,0,0,0.314948380709942,0.314948380709942,0.314948380709942,0.6422005374063074,0.6422005374063074,1,1,191,Haverfordwest South,De Hwlffordd
W02000202,Neath Port Talbot 004,12178,Neath Port Talbot,0,0,0,0.4625554278206602,0.579816061750698,0.579816061750698,0.901543767449499,0.901543767449499,1,190,Pontardawe,Pontardawe
W02000010,Gwynedd 001,10065,Gwynedd,0.12151018380526578,0.12151018380526578,0.12151018380526578,0.12151018380526578,0.522702434177844,0.6407352210630899,0.6407352210630899,0.6407352210630899,1,189,Bangor City,Dinas Bangor
W02000168,Swansea 001,6628,Swansea,0,0.18105009052504525,0.18105009052504525,0.18105009052504525,0.48823174411587206,0.6837658418829209,0.6837658418829209,0.6837658418829209,1,188,Pontarddulais,Pontarddulais
W02000223,Bridgend 006,6131,Bridgend,0,0,0.26781927907356057,0.26781927907356057,0.26781927907356057,0.26781927907356057,0.6734627303865601,1,1,187,Ynysawdre & Aberkenfig,Ynysawdre ac Abercynffig
W02000011,Gwynedd 002,8237,Gwynedd,0,0.1732426854437295,0.1732426854437295,0.3559548379264295,0.3559548379264295,0.5897778317348549,0.5897778317348549,0.826635911132694,1,186,Bangor South,De Bangor
W02000343,Monmouthshire 008,8610,Monmouthshire,0,0,0.19686411149825783,0.19686411149825783,0.19686411149825783,0.6236933797909407,0.8418118466898955,1,1,185,Chepstow South,De Cas-gwent
W02000016,Gwynedd 007,6648,Gwynedd,0,0,0,0.25225631768953066,0.25225631768953066,0.8288206979542719,0.8288206979542719,1,1,184,Caernarfon West & Waunfawr,Gorllewin Caernarfon a Waunfawr
W02000012,Gwynedd 003,8469,Gwynedd,0,0,0,0,0.47101192584720747,0.742826780021254,1,1,1,183,Bethesda,Bethesda
W02000333,Torfaen 011,6415,Torfaen,0,0.18752922837100547,0.4121590023382697,0.4121590023382697,0.4121590023382697,0.4121590023382697,0.6028059236165237,0.6028059236165237,0.798908807482463,182,Fairwater & Greenmeadow,Fairwater a Greenmeadow
W02000037,Conwy 011,7282,Conwy,0,0,0,0.5160670145564406,0.5160670145564406,0.5160670145564406,0.6906069761054655,1,1,181,Llandudno Junction South & Llasanffraid Glan Conwy,De Cyffordd Llandudno a Llasanffraid Glan Conwy
W02000345,Monmouthshire 010,8144,Monmouthshire,0,0,0,0.20947937131630648,0.5358546168958742,0.7946954813359528,0.7946954813359528,0.7946954813359528,1,180,Caldicot South,De Cil-y-coed
W02000007,Isle of Anglesey 007,7256,Isle of Anglesey,0,0,0,0,0.4171719955898567,0.8289691289966924,1,1,1,179,Bodedern & Rhosneigr,Bodedern a Rhosneigr
W02000145,Carmarthenshire 004,7129,Carmarthenshire,0,0,0,0.2015710478327956,0.4742600645251788,0.7813157525599663,0.7813157525599663,1,1,178,"Llandeilo, Llangadog & Maenordeilo","Llandeilo, Llangadog a Maenordeilo"
W02000127,Pembrokeshire 002,9913,Pembrokeshire,0,0,0,0.1558559467366085,0.5157873499445172,0.711086452133562,0.8808635125592656,1,1,177,Fishguard,Abergwaun
W02000009,Isle of Anglesey 009,7913,Isle of Anglesey,0,0,0,0,0.5154808542904082,0.7351194237330975,1,1,1,176,Newborough,Niwbwrch
W02000080,Wrexham 003,8102,Wrexham,0,0,0.21266353986669959,0.3850901012095779,0.3850901012095779,0.3850901012095779,0.3850901012095779,0.5614663046161441,1,175,Llay South & Gwersyllt East,De Llai a Dwyrain Gwersyllt
W02000236,Bridgend 019,6997,Bridgend,0,0,0.24353294268972417,0.4744890667428898,0.4744890667428898,0.4744890667428898,0.4744890667428898,0.7388880948978134,1,174,Porthcawl East,Dwyrain Porthcawl
W02000039,Conwy 013,7857,Conwy,0,0,0.15234822451317298,0.15234822451317298,0.3922616774850452,0.5843197149039073,0.7605956471935853,1,1,173,Llanfairfechan & Penmaenmawr,Llanfairfechan a Penmaenmawr
W02000276,Rhondda Cynon Taf 025,6364,Rhondda Cynon Taf,0,0,0.3816781898177247,0.3816781898177247,0.3816781898177247,0.3816781898177247,0.5938089252042741,0.8021684475172848,1,172,Church Village East & Ton-teg,Dwyrain Pentre'r Eglwys a Thon-teg
W02000118,Ceredigion 003,6982,Ceredigion,0,0,0.18848467487825837,0.43211114293898595,0.43211114293898595,0.5802062446290461,0.5802062446290461,0.737324548839874,1,171,Aberystwyth South,De Aberystwyth
W02000120,Ceredigion 005,7092,Ceredigion,0,0,0,0,0.16835871404399322,0.8123237450648618,1,1,1,170,Aberaeron & Llanrhystud,Aberaeron a Llanrhystud
W02000193,Swansea 026,10205,Swansea,0,0,0,0.19441450269475746,0.3806957373836355,0.5971582557569819,0.7926506614404704,1,1,169,Brynmill,Brynmill
W02000083,Wrexham 006,9191,Wrexham,0,0,0.3298879338483299,0.3298879338483299,0.3298879338483299,0.3298879338483299,0.5094113806985094,1,1,168,Coedpoeth & Brymbo,Coed-poeth a Brymbo
W02000421,Ceredigion 011,11386,Ceredigion,0,0,0,0.308448972422273,0.5864219216581767,0.5864219216581767,0.7667310732478483,0.8975057087651502,0.8975057087651502,167,"Rheidol, Ystwyth & Caron","Rheidol, Ystwyth a Caron"
W02000057,Denbighshire 016,6338,Denbighshire,0,0,0,0.18254970022088987,0.3504260018933417,0.6019248974439887,1,1,1,166,Llangollen & Llandrillo,Llangollen a Llandrillo
W02000122,Ceredigion 007,6556,Ceredigion,0,0,0,0,0.25061012812690664,1,1,1,1,165,New Quay & Penbryn,Ceinewydd a Phenbryn
W02000170,Swansea 003,8848,Swansea,0.15732368896925858,0.15732368896925858,0.15732368896925858,0.15732368896925858,0.15732368896925858,0.3208634719710669,0.48112567811934903,0.48112567811934903,1,164,Morriston North,Gogledd Treforys
W02000026,Gwynedd 017,7429,Gwynedd,0,0,0,0.47906851527796473,0.47906851527796473,0.47906851527796473,0.7682056804415129,1,1,163,Tywyn & Llangelynnin,Tywyn a Llangelynnin
W02000024,Gwynedd 015,5940,Gwynedd,0,0,0,0,0.2196969696969697,0.4153198653198653,1,1,1,162,Bala & Mawddwy,Y Bala a Mawddwy
W02000049,Denbighshire 008,6524,Denbighshire,0,0,0,0,0.5380134886572655,0.5380134886572655,0.7970570202329859,1,1,161,Dyserth & Tremeirchion,Dyserth a Thremeirchion
W02000025,Gwynedd 016,6509,Gwynedd,0,0,0,0,0.42448916884314025,0.5894914733445998,1,1,1,160,Barmouth & Dolgellau,Y Bermo a Dolgellau
W02000014,Gwynedd 005,7228,Gwynedd,0,0,0,0.293027116768124,0.293027116768124,0.46693414499169894,0.7570558937465413,1,1,159,Llanberis & Deiniolen,Llanberis a Deiniolen
W02000298,Caerphilly 009,7310,Caerphilly,0,0,0.2500683994528044,0.2500683994528044,0.49917920656634746,0.49917920656634746,0.49917920656634746,0.7448700410396717,0.7448700410396717,158,Blackwood,Coed-duon
W02000126,Pembrokeshire 001,8483,Pembrokeshire,0,0,0,0,0.16986915006483555,0.5778616055640693,1,1,1,157,Cilgerran & Crymych,Cilgerran a Chrymych
W02000295,Caerphilly 006,9672,Caerphilly,0,0.15612076095947064,0.15612076095947064,0.15612076095947064,0.49410669975186106,0.49410669975186106,0.49410669975186106,0.6194168734491315,0.7950785773366419,156,Oakdale & Pen-twyn,Oakdale a Phen-twyn
W02000040,Conwy 014,6944,Conwy,0,0,0,0,0,0.7975230414746544,1,1,1,155,"Betws-yn-Rhos, Llangernyw & Llansannan","Betws-yn-Rhos, Llangernyw a Llansannan"
W02000173,Swansea 006,8042,Swansea,0.2106441183785128,0.2106441183785128,0.2106441183785128,0.2106441183785128,0.2106441183785128,0.2106441183785128,0.2106441183785128,0.2106441183785128,1,154,Birchgrove,Gellifedw
W02000100,Powys 004,6248,Powys,0,0,0,0,0.3165813060179257,0.6437259923175416,1,1,1,153,Machynlleth & Banwy,Machynlleth a Banwy
W02000157,Carmarthenshire 016,9550,Carmarthenshire,0,0,0,0,0.15717277486910994,0.6110994764397906,1,1,1,152,Glyn & Pontyberem,Glyn a Phontyberem
W02000108,Powys 012,7179,Powys,0,0,0,0.16938292241259228,0.16938292241259228,0.6677810279983285,0.8267168129265915,1,1,151,"Rhayader, Newbridge-on-Wye & Elan Valley","Rhaeadr Gwy, Y Bontnewydd-ar-Wy a Chwm Elan"
W02000394,Cardiff 028,9953,Cardiff,0,0,0,0,0.3792826283532603,0.5631467899125892,0.7447000904249975,1,1,150,Cathays North,Gogledd Cathays
W02000056,Denbighshire 015,5264,Denbighshire,0,0,0,0.24335106382978725,0.24335106382978725,0.24335106382978725,1,1,1,149,"Corwen, Llanelidan & Efenechdyd","Corwen, Llanelidan ac Efenechdyd"
W02000302,Caerphilly 013,10355,Caerphilly,0,0,0.1441815548044423,0.2766779333655239,0.2766779333655239,0.42839208112023175,0.7149203283437953,0.8680830516658619,1,148,Ystrad Mynach & Nelson,Ystrad Mynach a Nelson
W02000418,Carmarthenshire 027,12423,Carmarthenshire,0,0,0,0.12605650808983337,0.21725831119697336,0.3864605972792401,1,1,1,147,"Whitland, Laugharne & Llansteffan","Hendy-gwyn ar Daf, Lacharn a Llansteffan"
W02000376,Cardiff 010,7016,Cardiff,0,0.24102052451539338,0.24102052451539338,0.24102052451539338,0.24102052451539338,0.24102052451539338,0.5193842645381984,0.770096921322691,0.770096921322691,146,Tongwynlais & Coryton,Tongwynlais a Coryton
W02000097,Powys 001,9179,Powys,0,0,0,0,0.16265388386534482,0.7858154483059157,1,1,1,145,Llanfyllin & Llanwyddyn,Llanfyllin a Llanwyddyn
W02000371,Cardiff 005,9449,Cardiff,0,0,0,0.349984125304265,0.349984125304265,0.349984125304265,0.5230183088157477,0.8512011853106148,1,144,Llanishen,Llanisien
W02000156,Carmarthenshire 015,8449,Carmarthenshire,0,0,0,0,0.24156704935495324,0.6233873831222629,0.8157178364303468,1,1,143,"Llan-non, Cross Hands & Pen-y-groes","Llan-non, Cross Hands a Phen-y-groes"
W02000041,Conwy 015,8620,Conwy,0,0,0,0,0.16415313225058004,0.40556844547563803,1,1,1,142,Llanrwst & Betws-y-coed,Llanrwst a Betws-y-coed
W02000196,Swansea 029,6582,Swansea,0,0,0.22531145548465512,0.4968094804010939,0.4968094804010939,0.4968094804010939,0.4968094804010939,0.4968094804010939,0.4968094804010939,141,West Cross,West Cross
W02000339,Monmouthshire 004,11066,Monmouthshire,0,0,0.12344117115488885,0.12344117115488885,0.12344117115488885,0.4139707211277788,0.6934755105729261,0.8636363636363636,0.8636363636363636,140,Monmouth & Wyesham,Trefynwy a Wyesham
W02000044,Denbighshire 003,5198,Denbighshire,0,0,0,0.2527895344363217,0.2527895344363217,0.5909965371296653,0.5909965371296653,0.5909965371296653,1,139,Prestatyn South,De Prestatyn
W02000073,Flintshire 016,10133,Flintshire,0,0.12464225796901214,0.12464225796901214,0.23704727129181882,0.23704727129181882,0.3809335833415573,0.7362084279088128,0.7362084279088128,0.7362084279088128,138,Mold,Yr Wyddgrug
W02000395,Cardiff 029,7045,Cardiff,0,0,0,0,0.5464868701206529,0.5464868701206529,0.5464868701206529,0.8129169623846699,1,137,Pen-y-lan South,De Pen-y-lan
W02000146,Carmarthenshire 005,6635,Carmarthenshire,0,0,0,0.16096458176337602,0.16096458176337602,0.16096458176337602,0.6541070082893745,1,1,136,"Abergwili, Llanegwad & Carmel","Abergwili, Llanegwad a Charmel"
W02000023,Gwynedd 014,5887,Gwynedd,0,0,0,0,0.4997452012909801,0.4997452012909801,0.4997452012909801,1,1,135,Abersoch & Aberdaron,Abersoch ac Aberdaron
W02000340,Monmouthshire 005,7241,Monmouthshire,0,0,0,0.17221378262670903,0.3144593288219859,0.3144593288219859,0.7344289462781384,1,1,134,Rhaglan & Llantilio Crossenny,Rhaglan a Llandeilo Gresynni
W02000074,Flintshire 017,10033,Flintshire,0,0,0.14133359912289445,0.29492674175221767,0.4539021229941194,0.4539021229941194,0.4539021229941194,0.4539021229941194,1,133,Buckley South,De Bwcle
W02000136,Pembrokeshire 011,8448,Pembrokeshire,0,0,0,0,0.4022253787878788,0.546875,0.546875,1,1,132,Saundersfoot,Saundersfoot
W02000285,Merthyr Tydfil 003,8690,Merthyr Tydfil,0,0,0,0.1385500575373993,0.1385500575373993,0.8029919447640966,0.8029919447640966,0.8029919447640966,0.8029919447640966,131,"Cefncoedycymer, Heolgerrig & Park","Cefncoedycymer, Heolgerrig a Pharc"
W02000020,Gwynedd 011,6966,Gwynedd,0,0,0,0,0.24777490668963537,0.5556991099626759,0.742750502440425,0.742750502440425,1,130,Cricieth & Llanaelhaearn,Cricieth a Llanaelhaearn
W02000141,Pembrokeshire 016,6120,Pembrokeshire,0,0,0,0,0.23643790849673202,0.38120915032679736,0.7207516339869281,1,1,129,Tenby & Caldey,Dinbych-y-pysgod ac Ynys Bŷr
W02000133,Pembrokeshire 008,8245,Pembrokeshire,0,0,0,0,0.17780473013947848,0.4993329290479078,0.641358399029715,1,1,128,"Johnston, Broad Haven & St Ishmaels","Johnston, Aber Llydan a Llanisan-yn-Rhos"
W02000391,Cardiff 025,9588,Cardiff,0,0,0,0,0,0.47455152273675427,0.6266166040884439,1,1,127,Gabalfa,Gabalfa
W02000093,Wrexham 016,6641,Wrexham,0,0,0,0.2326456858906791,0.2326456858906791,0.44993223912061436,0.44993223912061436,0.8010841740701702,1,126,Ruabon & Marchwiel,Rhiwabon a Marchwiel
W02000050,Denbighshire 009,6409,Denbighshire,0,0,0,0,0,0.3423310968949914,0.7990326103916368,1,1,125,Rhuddlan & Bodelwyddan,Rhuddlan a Bodelwyddan
W02000113,Powys 017,8408,Powys,0,0,0.1618696479543292,0.1618696479543292,0.1618696479543292,0.6010941960038059,0.6010941960038059,0.6010941960038059,1,124,Brecon,Aberhonddu
W02000102,Powys 006,6185,Powys,0,0,0,0,0,0.3670169765561843,1,1,1,123,Llanfair Caereinion & Caersws,Llanfair Caereinion a Chaersŵs
W02000004,Isle of Anglesey 004,7276,Isle of Anglesey,0,0,0,0,0.39128642111050027,0.39128642111050027,0.7106926882902693,0.8431830676195712,1,122,Llain-goch & Valley,Llain-goch a'r Fali
W02000128,Pembrokeshire 003,7622,Pembrokeshire,0,0,0,0,0,0,1,1,1,121,St Davids & Letterston,Tyddewi a Treletert
W02000110,Powys 014,6769,Powys,0,0,0,0,0,0.6296351011966317,0.8296646476584429,0.8296646476584429,1,120,Builth Wells & Llanwrtyd Wells,Llanfair-ym-Muallt a Llanwrtyd
W02000147,Carmarthenshire 006,8514,Carmarthenshire,0,0,0,0,0.16960300681230914,0.3713883016208598,0.6141649048625792,1,1,119,Carmarthen West & Cynwyl Elfed,Gorllewin Caerfyrddin a Chynwyl Elfed
W02000189,Swansea 022,8116,Swansea,0,0,0.21759487432232627,0.21759487432232627,0.44147363233119763,0.44147363233119763,0.44147363233119763,0.44147363233119763,0.44147363233119763,118,Ty-coch,Tŷ-coch
W02000107,Powys 011,9681,Powys,0,0,0,0,0.14358020865613055,0.14358020865613055,0.5691560789174672,1,1,117,Knighton & Presteigne,Trefyclo a Llanandras
W02000330,Torfaen 008,7271,Torfaen,0,0,0,0,0.2632375189107413,0.2632375189107413,0.538715444918168,0.7876495667721084,1,116,Croesyceiliog,Croesyceiliog
W02000400,Cardiff 034,6712,Cardiff,0,0,0,0,0,0.25700238379022644,1,1,1,115,Pontcanna,Pontcanna
W02000051,Denbighshire 010,5326,Denbighshire,0,0,0,0,0,0.6729252722493428,0.6729252722493428,0.6729252722493428,1,114,St Asaph & Trefnant,Llanelwy a Threfnant
W02000021,Gwynedd 012,8321,Gwynedd,0,0,0,0,0,0.5165244561951688,0.677442615070304,0.8474942915514962,1,113,Pwllheli & Morfa Nefyn,Pwllheli a Morfa Nefyn
W02000129,Pembrokeshire 004,7105,Pembrokeshire,0,0,0,0,0.23532723434201266,0.23532723434201266,0.7152709359605911,1,1,112,"Crundale, Clynderwen & Maenclochog","Crundale, Clunderwen a Maenclochog"
W02000336,Monmouthshire 001,8295,Monmouthshire,0,0,0,0,0.22338758288125377,0.22338758288125377,0.6426763110307414,0.8168776371308016,1,111,Abergavenny South & Crucorney,De'r Fenni a Chrucornau
W02000019,Gwynedd 010,7012,Gwynedd,0,0,0,0,0.17883628066172277,0.6192241871078151,0.6192241871078151,0.7716771249286937,1,110,Porthmadog,Porthmadog
W02000022,Gwynedd 013,5904,Gwynedd,0,0,0,0,0,0.17191734417344173,0.48814363143631434,1,1,109,Harlech & Llanbedr,Harlech a Llanbedr
W02000034,Conwy 008,7607,Conwy,0,0,0,0.23070855790719075,0.39673984487971603,0.39673984487971603,0.5943210201130538,0.5943210201130538,0.5943210201130538,108,Upper Colwyn Bay,Bae Colwyn Uchaf
W02000072,Flintshire 015,11792,Flintshire,0,0,0.12932496607869742,0.12932496607869742,0.3242876526458616,0.3242876526458616,0.455393487109905,0.7852781546811397,0.7852781546811397,107,Broughton & Saltney,Brychdyn a Saltney
W02000134,Pembrokeshire 009,8674,Pembrokeshire,0,0,0,0,0.23172700023057413,0.4980401198985474,0.4980401198985474,0.7177772653908232,1,106,Neyland,Neyland
W02000103,Powys 007,5618,Powys,0,0,0,0,0,0.2904948380206479,0.6468494126023496,1,1,105,"Abermule, Churchstoke & Kerry","Aber-miwl, Ystog a Ceri"
W02000226,Bridgend 009,10251,Bridgend,0,0,0.1073066042337333,0.1073066042337333,0.29226416934933175,0.29226416934933175,0.44112769485903813,0.7725099990244854,1,104,"Pen-prysg, Hendre & Felindre","Pen-prysg, Hendre a Felindre"
W02000117,Ceredigion 002,8976,Ceredigion,0,0,0,0,0.2510026737967914,0.3965017825311943,0.3965017825311943,0.3965017825311943,1,103,Aberystwyth North,Gogledd Aberystwyth
W02000030,Conwy 004,5974,Conwy,0,0,0,0.24840977569467693,0.24840977569467693,0.24840977569467693,0.24840977569467693,0.7586206896551724,1,102,Rhos-on-Sea,Llandrillo-yn-Rhos
W02000005,Isle of Anglesey 005,8517,Isle of Anglesey,0,0,0,0,0.13596336738288128,0.5608782435129741,0.7297170365152049,0.7297170365152049,0.7297170365152049,101,Beaumaris & Benllech,Biwmares a Benllech
W02000132,Pembrokeshire 007,6750,Pembrokeshire,0,0,0,0,0,0,0.7611851851851852,1,1,100,Narberth,Arberth
W02000350,Newport 004,8603,Newport,0,0,0,0.1694757642682785,0.4484482157386958,0.4484482157386958,0.4484482157386958,0.4484482157386958,1,99,Langstone & Llan-wern,Langstone a Llan-wern
W02000002,Isle of Anglesey 002,6431,Isle of Anglesey,0,0,0,0,0,0.49603483128595866,0.49603483128595866,0.7039340693515783,1,98,"Rhos-y-bol, Marian-glas & Moelfre","Rhos-y-bol, Marian-glas a Moelfre"
W02000281,Rhondda Cynon Taf 030,7705,Rhondda Cynon Taf,0,0,0.19792342634652824,0.19792342634652824,0.19792342634652824,0.3944192083062946,0.3944192083062946,0.5602855288773524,0.5602855288773524,97,Llantrisant & Talbot Green,Llantrisant a Talbot Green
W02000213,Neath Port Talbot 015,6725,Neath Port Talbot,0,0,0,0,0.22527881040892192,0.48639405204460967,0.48639405204460967,0.7704089219330855,0.7704089219330855,96,Baglan,Baglan
W02000191,Swansea 024,9943,Swansea,0,0,0,0.21110328874585135,0.3678970129739515,0.3678970129739515,0.3678970129739515,0.3678970129739515,0.7335814140601428,95,Uplands,Uplands
W02000338,Monmouthshire 003,8516,Monmouthshire,0,0,0,0,0,0.5050493189290747,0.5050493189290747,0.8177548144668859,0.8177548144668859,94,Gilwern & Llanfoist,Gilwern a Llan-ffwyst
W02000328,Torfaen 006,7587,Torfaen,0,0,0.18136285751944115,0.18136285751944115,0.18136285751944115,0.18136285751944115,0.36878871754316594,0.36878871754316594,1,93,Griffithstown & Sebastopol,Griffithstown a Sebastopol
W02000401,Cardiff 035,5984,Cardiff,0,0,0,0,0.26236631016042783,0.26236631016042783,0.26236631016042783,0.7454879679144385,1,92,Victoria Park,Parc Victoria
W02000085,Wrexham 008,8924,Wrexham,0,0,0.1512774540564769,0.1512774540564769,0.1512774540564769,0.27790228597041683,0.5180412371134021,0.5180412371134021,0.639959659345585,91,"Town North, University & Rhos-ddu","Gogledd y Dref, y Brifysgol a Rhos-ddu"
W02000139,Pembrokeshire 014,7612,Pembrokeshire,0,0,0,0,0,0.26852338413032056,0.48055701523909616,0.6731476615869679,1,90,Pembroke East & Manorbier,Dwyrain Penfro a Maenorbŷr
W02000414,Powys 020,6078,Powys,0,0,0,0,0,0,0.4662717999341889,1,1,89,Sennybridge & Talybont-on-Usk,Pontsenni a Thal-y-bont ar Wysg
W02000091,Wrexham 014,6073,Wrexham,0,0,0,0,0,0.5213238926395521,0.5213238926395521,0.5213238926395521,0.7332455129260662,88,Johnstown North & Rhostyllen,Gogledd Johnstown a Rhostyllen
W02000280,Rhondda Cynon Taf 029,9211,Rhondda Cynon Taf,0,0,0,0.17424818152209315,0.17424818152209315,0.17424818152209315,0.17424818152209315,0.5092823797633265,1,87,Bryn-cae & Llanharan,Bryn-cae a Llanharan
W02000116,Ceredigion 001,7415,Ceredigion,0,0,0,0,0,0,0.49723533378287255,0.7706001348617667,1,86,Borth & Bont-goch,Y Borth a Bont-goch
W02000335,Torfaen 013,7212,Torfaen,0,0,0,0,0,0.3277870216306156,0.3277870216306156,0.6349140321686079,0.8018580144204104,85,Llantarnam & Oakfield,Llantarnam ac Oakfield
W02000334,Torfaen 012,6797,Torfaen,0,0,0,0,0,0.2159776371928792,0.5814329851405031,0.7687214947771075,0.7687214947771075,84,Hollybush & Henllys,Hollybush a Henllys
W02000106,Powys 010,6527,Powys,0,0,0,0,0,0,0.5684081507583882,0.5684081507583882,1,83,"Llanidloes, Blaen Hafren & Llandinam","Llanidloes, Blaen Hafren a Llandinam"
W02000228,Bridgend 011,9718,Bridgend,0,0,0,0,0.2230911710228442,0.2230911710228442,0.2230911710228442,0.7566371681415929,0.7566371681415929,82,"Pen-dre, Litchard & Coity","Pen-dre, Llidiard a Choety"
W02000038,Conwy 012,7095,Conwy,0,0,0,0.15630725863284003,0.15630725863284003,0.15630725863284003,0.4484848484848485,0.4484848484848485,1,81,Conwy & Afon Roe,Conwy a Afon Ro
W02000158,Carmarthenshire 017,5962,Carmarthenshire,0,0,0,0,0,0,0.6878564240187857,0.6878564240187857,1,80,Yr Hendy & Tŷ-croes,Yr Hendy a Thŷ-croes
W02000240,The Vale of Glamorgan 004,8805,Vale of Glamorgan,0,0,0,0,0,0.1752413401476434,0.502328222600795,0.502328222600795,0.8665530948324816,79,Llandough & Cogan,Llandochau a Cogan
W02000076,Flintshire 019,7467,Flintshire,0,0,0,0,0,0.2249899558055444,0.5176108209454935,0.5176108209454935,1,78,"Leeswood, Treuddyn & Gwernaffield","Coed-llai, Treuddyn a'r Waun"
W02000160,Carmarthenshire 019,7636,Carmarthenshire,0,0,0,0,0,0,0.42980618124672604,0.7916448402304872,1,77,Swiss Valley & Llangennech,Dyffryn y Swistir a Llangennech
W02000235,Bridgend 018,8903,Bridgend,0,0,0.2048747613164102,0.2048747613164102,0.2048747613164102,0.2048747613164102,0.2048747613164102,0.39559698977872626,0.6993148376951589,76,Porthcawl West,Gorllewin Porthcawl
W02000063,Flintshire 006,8107,Flintshire,0,0,0,0,0,0,0.20747502158628345,0.6243986678179351,1,75,"Caerwys, Halkyn & Nannerch","Caerwys, Helygain a Nannerch"
W02000362,Newport 016,6054,Newport,0,0,0,0,0.31086884704327716,0.31086884704327716,0.31086884704327716,0.6110009910802775,0.8107036669970268,74,Pye Corner & Graig,Pye Corner a Graig
W02000101,Powys 005,5403,Powys,0,0,0,0,0,0,0.49194891726818435,0.49194891726818435,1,73,"Montgomery, Trewern & Berriew","Trefaldwyn, Tre-wern ac Aberriw"
W02000347,Newport 001,7788,Newport,0,0,0.13597842835130972,0.13597842835130972,0.13597842835130972,0.13597842835130972,0.2864663585002568,0.6439393939393939,0.8022598870056498,72,Caerleon,Caerllion
W02000111,Powys 015,8411,Powys,0,0,0,0,0,0,0.16038520984425159,0.8189275948163119,1,71,Hay-on-Wye & Talgarth,Y Gelli Gandryll a Thalgarth
W02000207,Neath Port Talbot 009,5028,Neath Port Talbot,0,0,0,0,0.23786793953858393,0.23786793953858393,0.23786793953858393,0.23786793953858393,1,70,Cimla,Cimla
W02000095,Wrexham 018,6621,Wrexham,0,0,0,0,0,0,0.23500981724814982,1,1,69,"Bangor-on-Dee, Overton & Penley","Bangor Is-coed, Owrtyn a Llannerch Banna"
W02000174,Swansea 007,9510,Swansea,0,0,0,0,0,0.2516298633017876,0.3772870662460568,0.5145110410094638,0.8229232386961094,68,Loughor,Casllwchwr
W02000098,Powys 002,6146,Powys,0,0,0,0,0,0,0,0.6223560039049788,1,67,Four Crosses & Guilsfield,Llandysilio a Cegidfa
W02000054,Denbighshire 013,6116,Denbighshire,0,0,0,0,0,0,0.35366252452583385,0.7603008502289078,1,66,Llandyrnog & Llanarmon-yn-Iâl,Llandyrnog a Llanarmon-yn-Iâl
W02000077,Flintshire 020,6175,Flintshire,0,0,0,0,0,0,0.45554655870445343,0.7619433198380566,0.7619433198380566,65,Hope,Yr Hôb
W02000055,Denbighshire 014,5723,Denbighshire,0,0,0,0,0,0.34160405381792763,0.34160405381792763,0.7120391403110257,0.7120391403110257,64,Ruthin,Rhuthun
W02000250,The Vale of Glamorgan 014,11758,Vale of Glamorgan,0,0,0,0,0.13760843680898113,0.13760843680898113,0.13760843680898113,0.502381357373703,0.8842490219425072,63,Rhoose & Airport,Y Rhws a'r Maes Awyr
W02000327,Torfaen 005,5943,Torfaen,0,0,0,0,0,0.2735991923271075,0.5394581861012956,0.5394581861012956,0.5394581861012956,62,New Inn,Y Dafarn Newydd
W02000065,Flintshire 008,7361,Flintshire,0,0,0,0,0,0,0.31544627088710775,0.6428474392066296,1,61,Connah's Quay Wepre,Cei Connah Gwepra
W02000282,Rhondda Cynon Taf 031,11834,Rhondda Cynon Taf,0,0.11813418962311982,0.11813418962311982,0.11813418962311982,0.11813418962311982,0.11813418962311982,0.26609768463748523,0.26609768463748523,0.5403920905864459,60,Pont-y-clun & Llanharry,Pont-y-clun a Llanhari
W02000114,Powys 018,6980,Powys,0,0,0,0,0,0,0,0.8511461318051576,1,59,"Crickhowell, Llangynidr & Llangorse","Crucywel, Llangynidr a Syfaddan"
W02000341,Monmouthshire 006,8573,Monmouthshire,0,0,0,0,0,0,0.14394027761577044,0.6955558147672927,0.8251487227341654,58,"Usk, Goytre & Llangybi Fawr","Brynbuga, Penperlleni a Llangybi Fawr"
W02000179,Swansea 012,6690,Swansea,0,0,0,0,0,0,0.21928251121076234,0.4994020926756353,0.7349775784753363,57,Gowerton,Tregŵyr
W02000234,Bridgend 017,10960,Bridgend,0,0,0.1385036496350365,0.1385036496350365,0.1385036496350365,0.1385036496350365,0.1385036496350365,0.2808394160583942,0.42554744525547444,56,Broadlands,Broadlands
W02000185,Swansea 018,5083,Swansea,0,0,0,0,0,0,0.3594334054692111,0.3594334054692111,1,55,Llanmorlais & Three Crosses,Llanmorlais a'r Crwys
W02000313,Caerphilly 024,10587,Caerphilly,0,0,0,0.13422121469727025,0.13422121469727025,0.13422121469727025,0.13422121469727025,0.29347312742042125,0.8108057051100406,54,Caerphilly South,De Caerffili
W02000062,Flintshire 005,6237,Flintshire,0,0,0,0,0,0,0.2132435465768799,0.4749078082411416,1,53,Flint South West,De-orllewin y Fflint
W02000247,The Vale of Glamorgan 011,9031,Vale of Glamorgan,0,0,0,0,0.17008083268741003,0.17008083268741003,0.17008083268741003,0.3386114494518879,0.6797696822057357,52,Llantwit Major,Llanilltud Fawr
W02000232,Bridgend 015,5857,Bridgend,0,0,0,0,0,0,0.28154345227932387,0.5219395595014512,0.7792385180126344,51,Brackla East & Coychurch Lower,Dwyrain Bracla a Llangrallo Isaf
W02000013,Gwynedd 004,6795,Gwynedd,0,0,0,0,0,0,0.1786607799852833,0.1786607799852833,1,50,Bethel & Llanrug,Bethel a Llanrug
W02000366,Newport 020,8401,Newport,0,0,0,0,0,0.16557552672300915,0.16557552672300915,0.4038804904178074,0.7702654445899297,49,Marshfield,Maerun
W02000242,The Vale of Glamorgan 006,8034,Vale of Glamorgan,0,0,0,0,0.23724172267861587,0.23724172267861587,0.23724172267861587,0.23724172267861587,0.4220811550908638,48,Dinas Powys,Dinas Powys
W02000358,Newport 012,6259,Newport,0,0,0,0,0.23070778079565427,0.23070778079565427,0.23070778079565427,0.23070778079565427,0.46572934973637964,47,Ridgeway & Glasllwch,Ridgeway a Glasllwch
W02000355,Newport 009,8999,Newport,0,0,0,0,0,0.166685187243027,0.4561617957550839,0.4561617957550839,0.4561617957550839,46,Rogerstone,Tŷ-du
W02000053,Denbighshire 012,6535,Denbighshire,0,0,0,0,0,0.2916602907421576,0.2916602907421576,0.2916602907421576,0.5534812547819434,45,Denbigh East & Pentre Llanrhaeadr,Dwyrain Dinbych a Phentre Llanrhaeadr
W02000171,Swansea 004,8446,Swansea,0,0,0.15320861946483544,0.15320861946483544,0.15320861946483544,0.15320861946483544,0.15320861946483544,0.15320861946483544,0.15320861946483544,44,Llangyfelach & Tircoed,Llangyfelach a Thircoed
W02000344,Monmouthshire 009,8453,Monmouthshire,0,0,0,0,0,0,0,0.2551756772743405,1,43,Caldicot North & Caer-went,Gogledd Cil-y-coed a Chaer-went
W02000032,Conwy 006,9584,Conwy,0,0,0,0,0,0.2786936560934892,0.2786936560934892,0.2786936560934892,0.5615609348914858,42,Llandudno Junction North & Deganwy,Gogledd Cyffordd Llandudno a Deganwy
W02000008,Isle of Anglesey 008,6278,Isle of Anglesey,0,0,0,0,0,0,0,0.5223000955718382,0.7621854093660402,41,Llanfair Pwllgwyngyll & Menai Bridge,Llanfair Pwllgwyngyll a Phorthaethwy
W02000204,Neath Port Talbot 006,6850,Neath Port Talbot,0,0,0,0,0,0,0.22773722627737225,0.3759124087591241,0.6131386861313869,40,Cadoxton & Bryn-coch,Llangatwg a Bryn-coch
W02000422,Cardiff 048,9109,Cardiff,0,0,0,0,0,0,0.18267647381710397,0.18267647381710397,1,39,Cardiff Bay,Bae Caerdydd
W02000346,Monmouthshire 011,7900,Monmouthshire,0,0,0,0,0,0,0.22556962025316454,0.22556962025316454,0.6259493670886076,38,Magor & Rogiet,Magwyr a Rogiet
W02000342,Monmouthshire 007,9774,Monmouthshire,0,0,0,0,0,0,0.15111520360139144,0.6059954982606917,0.6059954982606917,37,Chepstow North & Trellech,Gogledd Cas-gwent a Thryleg
W02000239,The Vale of Glamorgan 003,7276,Vale of Glamorgan,0,0,0,0,0,0,0,0.2641561297416163,1,36,Peterston-super-Ely & Wenvoe,Llanbedr-y-fro a Gwenfô
W02000420,Wrexham 020,14185,Wrexham,0,0,0,0,0,0,0,0.47141346492774056,0.5620021149101163,35,"Gresford, Marford & Rossett","Gresffordd, Marford a'r Orsedd"
W02000386,Cardiff 020,8018,Cardiff,0,0,0,0,0,0,0.41656273384884013,0.41656273384884013,0.41656273384884013,34,Whitchurch,Yr Eglwys Newydd
W02000237,The Vale of Glamorgan 001,5887,Vale of Glamorgan,0,0,0,0,0,0,0,0,1,33,Ogmore-by-Sea & Llandow,Ogwr a Llandŵ
W02000387,Cardiff 021,6139,Cardiff,0,0,0,0,0,0,0,0.2707281316175273,0.7908454145626324,32,Birchgrove,Llwynbedw
W02000244,The Vale of Glamorgan 008,10476,Vale of Glamorgan,0,0,0,0,0.1742077128675067,0.1742077128675067,0.1742077128675067,0.1742077128675067,0.3864070255822833,31,Lower Penarth & Sully,Penarth Isaf a Sili
W02000187,Swansea 020,5572,Swansea,0,0,0,0,0,0,0,0.48115577889447236,0.48115577889447236,30,Dunvant & Upper Killay,Dynfant a Chilâ Uchaf
W02000241,The Vale of Glamorgan 005,10532,Vale of Glamorgan,0,0,0,0,0,0,0,0.1418533991644512,0.6881883782757311,29,Penarth,Penarth
W02000230,Bridgend 013,5510,Bridgend,0,0,0,0,0,0,0,0,0.5586206896551724,28,"Pen-y-fai, Laleston & Merthyr Mawr","Pen-y-fai, Trelales a Merthyr Mawr"
W02000369,Cardiff 003,8252,Cardiff,0,0,0,0,0,0,0,0,0.7948376151236064,27,Pontprennau,Pontprennau
W02000069,Flintshire 012,6444,Flintshire,0,0,0,0,0,0,0,0.23898199875853507,0.7773122284295468,26,"Buckley North, Northop & Sychdyn","Gogledd Bwcle, Llaneurgain a Sychdyn"
W02000067,Flintshire 010,6632,Flintshire,0,0,0,0,0,0,0,0.25,0.5025633293124246,25,Connah's Quay South & Northop Hall,De Cei Connah a Phentre-moch
W02000197,Swansea 030,6404,Swansea,0,0,0,0,0,0,0,0.27373516552154903,0.5673016864459712,24,West Gower,Gorllewin Gŵyr
W02000390,Cardiff 024,6470,Cardiff,0,0,0,0,0,0,0,0,0.7483771251931994,23,Pen-y-lan North,Gogledd Pen-y-lan
W02000374,Cardiff 008,5863,Cardiff,0,0,0,0,0,0,0,0.2241173460685656,0.2241173460685656,22,Cyncoed North,Gogledd Cyncoed
W02000071,Flintshire 014,7188,Flintshire,0,0,0,0,0,0,0,0.18113522537562604,0.38731218697829717,21,New Brighton & Mynyddisa,New Brighton a Mynyddisa
W02000378,Cardiff 012,7430,Cardiff,0,0,0,0,0,0,0,0,0.5387617765814267,20,Rhiwbina Village,Pentref Rhiwbeina
W02000392,Cardiff 026,8890,Cardiff,0,0,0,0,0,0,0,0,0.34308211473565803,19,Llandaf & Danescourt,Llandaf a Danescourt
W02000238,The Vale of Glamorgan 002,6329,Vale of Glamorgan,0,0,0,0,0,0,0,0,0.24901248222468003,18,Cowbridge,Y Bont-faen
W02000084,Wrexham 007,4825,Wrexham,0,0,0,0,0,0,0,0,0.284559585492228,17,Borras & Rhosnesni,Borras a Rhosnesni
W02000029,Conwy 003,6245,Conwy,0,0,0,0,0,0,0,0,0.2411529223378703,16,Penrhyn Bay,Bae Penrhyn
W02000070,Flintshire 013,10864,Flintshire,0,0,0,0,0,0,0.14948453608247422,0.14948453608247422,0.14948453608247422,15,Ewloe & Hawarden,Ewloe a Phenarlâg
W02000370,Cardiff 004,6557,Cardiff,0,0,0,0,0,0,0,0,0,14,Rhiwbina & Pant-mawr,Rhiwbeina a Phant-mawr
W02000384,Cardiff 018,5721,Cardiff,0,0,0,0,0,0,0,0.19611955951756685,0.19611955951756685,13,Heath,Y Mynydd Bychan
W02000194,Swansea 027,6460,Swansea,0,0,0,0,0,0,0,0,0,12,Sketty,Sgeti
W02000246,The Vale of Glamorgan 010,5528,Vale of Glamorgan,0,0,0,0,0,0,0,0,0,11,Barry Dyfan & Illtyd,Y Barri Dyfan ac Illtyd
W02000380,Cardiff 014,7074,Cardiff,0,0,0,0,0,0,0,0,0.30661577608142493,10,"Creigiau, Pentyrch & St Fagans","Creigiau, Pen-tyrch a Sain Ffagan"
W02000075,Flintshire 018,6142,Flintshire,0,0,0,0,0,0,0,0,0,9,Pen-y-ffordd & Higher Kinnerton,Pen-y-ffordd a Higher Kinnerton
W02000372,Cardiff 006,8029,Cardiff,0,0,0,0,0,0,0,0,0.14646904969485613,8,"Radyr, Morganstown & Gwaelod-y-garth","Radur, Pentre-poeth a Gwaelod-y-garth"
W02000368,Cardiff 002,5809,Cardiff,0,0,0,0,0,0,0,0,0.24083318987777586,7,Thornhill,Y Ddraenen
W02000278,Rhondda Cynon Taf 027,9261,Rhondda Cynon Taf,0,0,0,0,0,0,0,0,0.34564301911240686,6,Church Village West,Gorllewin Pentre'r Eglwys
W02000198,Swansea 031,7414,Swansea,0,0,0,0,0,0,0,0,0,5,Mumbles & Newton,Mwmbwls a Newton
W02000367,Cardiff 001,5878,Cardiff,0,0,0,0,0,0,0,0,0,4,Lisvane,Llys-faen
W02000385,Cardiff 019,7609,Cardiff,0,0,0,0,0,0,0,0,0,3,Cyncoed South & Roath Park,De Cyncoed a Pharc y Rhath
W02000190,Swansea 023,5168,Swansea,0,0,0,0,0,0,0,0,0,2,Killay,Cilâ
W02000195,Swansea 028,5804,Swansea,0,0,0,0,0,0,0,0,0,1,Mayals & Bishopston,Mayals a Llandeilo Ferwallt
